{"f1": 0.8281319826697223, "deepblink": 0.5188715702224383, "trackmate": 0.7921959599661371, "rs_fish": 0.6092285970609007}