{"f1": 0.8281071552204958, "deepblink": 0.5200772200303662, "trackmate": 0.7921959599661371, "rs_fish": 0.6091002438328251}