{"f1": 0.9370356436426345, "deepblink": 0.8968540483706726, "trackmate": 0.9071347677341864, "rs_fish": 0.739416629872678}