{"20230905": {"untreated014_CY5": [0.9156462523990933, 0.6598639382464098, 0.9420408125583674, 0.888682737746669, 0.6507936435626103, 0.8867346894438777, 0.8313641202216067, 0.888682737746669, 0.8518189847613904, 0.9693877389455786, 0.8896103875885477, 0.725026849030471, 0.9267707028317211, 0.9156462523990933], "receptor_subset": [0.9377436365171437, 0.960111315072103, 0.9542767921628242, 0.9478574035886785, 0.9358843533515447, 0.9435558004153077, 0.947920677257912, 0.9508858483225677, 0.9364888810044705], "20220612_101953_317__Well2_ChannelDAPI,CY3,A594,Brightfield_Seq0001_CY3": [0.7222337209281391, 0.7925170062946975, 0.8635643909015247, 0.891272549671433, 0.8885049225939339], "A3_GFP1_CY3": [0.906331761150693, 0.9323308246141669, 0.9642857102678571, 0.9693877308673478], "A3_GFP1_CY5": [0.7836734537142861, 0.9401829664976096, 0.7836734615510205, 0.8998144630629111, 0.6771799616630122, 0.8906430488324699], "Well2_ChannelDAPI_DMin,CY3,A594,CY5,CY7_Seq0000_CY5": [0.9364563986138051, 0, 0.9693877308673478], "particle_subset": [0.9393544645241226, 0.946278510708769, 0.9505025883860093, 0.9280920415631213, 0.9300492604423306, 0.9291898570573548, 0.9219165920559909, 0.9477965092215022, 0.9436966269179168], "vesicle_subset": [0.9196652343131776, 0.901487510347729, 0.9330469013347905, 0.9363587536172432, 0.9322978334911013, 0.9605146385507891, 0.9581280771657892, 0.9386848068390425, 0.9451720972795178], "A3_GFP1_A594": [0.7836734537142861, 0.9576487974138778, 0.9304103265652506, 0.9654098922252382, 0.9591836494897966, 0.9650316261214161, 0.9374693870051267, 0.895510202887619, 0.9095339614813535, 0.8872116888845142, 0.9625850179705219], "untreated014_A594": [0.7859900695800599, 0.4948979468112249, 0.9829931808956919, 0.7673469234285718], "20191221_183732_211__ChannelDAPI,CY3,A594,CY5,Brightfield_Seq0000_crop1to1407_14Jan2019_CY5": [0.8908987835309521, 0.883347705071936, 0.8809897583794255], "microtubule_subset": [0.9319727813492064, 0.7866912718351293, 0.7067115503567649, 0.7055121111668248, 0.9217687044104307, 0.8437568571281098, 0.7150995365278585, 0.8277453833751273, 0.7663640704555877], "ChannelDAPI,A594,YFP,Brightfield_Seq0000_A594": [0.7574568281570766, 0.9436017643927676, 0.8209783907528821, 0.8931720825455928, 0.9035119344899972]}}