{"20230905": {"untreated014_CY5": [0.3093692015232333, 0.32312925035430834, 0.6236933782697373, 0.6135204043287626, 0.49081632407653064, 0.8265306090659338, 0.5707702417401092, 0.5897959154183673, 0.6740064429094352, 0.3877550994557824, 0.8345481034660036, 0.5867346924107143, 0.6275510181669096, 0.8270676648199445], "receptor_subset": [0.9376479871127253, 0.9405895670707988, 0.9581908433871886, 0.9510827229235964, 0.9361099538036703, 0.9407076437260313, 0.9459614827407098, 0.964285713761646, 0.9361958263822884], "20220612_101953_317__Well2_ChannelDAPI,CY3,A594,Brightfield_Seq0001_CY3": [0.852160582409518, 0.6340544798890367, 0.7267791729748025, 0.7513758310203081, 0.8297193876423684], "A3_GFP1_CY3": [0.7967186859127965, 0.8013327763737897, 0.8036593920211602, 0.21541949993701182], "A3_GFP1_CY5": [0.32533013013911444, 0.7904026454092814, 0.35992578686119076, 0.5380333927306461, 0.7656425199031962, 0.8538713188683643], "Well2_ChannelDAPI_DMin,CY3,A594,CY5,CY7_Seq0000_CY5": [0.683673468351886, 0.4222919904721653, 0.20193340387811634], "particle_subset": [0.9446680073830307, 0.9372858625662595, 0.9422524558402062, 0.9256656298775833, 0.9352809610591452, 0.9225103568328522, 0.9303206990439401, 0.9264727160892003, 0.9478298354923304], "vesicle_subset": [0.9288128152490152, 0.9296310830237365, 0.9344790531403696, 0.9338739858679278, 0.9385686703944439, 0.9409465894005044, 0.9609429962320125, 0.9319432116622429, 0.9500456884997796], "A3_GFP1_A594": [0.5655976595585175, 0.8838990606824876, 0.9256461048386314, 0.8676059251785695, 0.6462584926303857, 0.8446938771286736, 0.8025877012227984, 0.8490745125390449, 0.868027209726984, 0.795706883377502, 0.9693877389455786], "untreated014_A594": [0.8462874493500614, 0.7117346849808676, 0.7372448887436227, 0.5176252272052623], "20191221_183732_211__ChannelDAPI,CY3,A594,CY5,Brightfield_Seq0000_crop1to1407_14Jan2019_CY5": [0.7968341180924258, 0.7974126065075176, 0.8151319062885634], "microtubule_subset": [0.9455782234126985, 0.8263398813609513, 0.8025642531357663, 0.8027956385835225, 0.8692602013651946, 0.8461007587354931, 0.806610942034716, 0.8436453942194296, 0.8252478131752935], "ChannelDAPI,A594,YFP,Brightfield_Seq0000_A594": [0.9251189190527724, 0.8298542269310455, 0.8273516298318059, 0.7713893242190331, 0.8606060603452708]}}