{"20230905": {"untreated014_CY5": [0.7397959137436224, 0.33540372524979745, 0.8537414937528345, 0.7582417524091292, 0.7124304202395009, 0.9842300511848542, 0.7093877522644897, 0.7782312873287983, 0.8817733959741805, 0.3208616762219703, 0.912722533880877, 0.6932192209369491, 0.840621959067981, 0.8055222041451873], "receptor_subset": [0.9385506266037611, 0.9387755081179138, 0.9651730252074814, 0.9507711479119917, 0.942078075652792, 0.9415529522633975, 0.9417318324800222, 0.957087699427498, 0.9395758300689464], "20220612_101953_317__Well2_ChannelDAPI,CY3,A594,Brightfield_Seq0001_CY3": [0.8292065076329703, 0.7592939874549872, 0.8181141066580695, 0.8447176975382015, 0.8270990846440571], "A3_GFP1_CY3": [0.831089880993339, 0.7853061208783673, 0.8510959908009293, 0.426303850138574], "A3_GFP1_CY5": [0.502782926783606, 0.772824917407711, 0.4923469356983418, 0.6938775469387756, 0.7992346928785077, 0.8983050839844872], "Well2_ChannelDAPI_DMin,CY3,A594,CY5,CY7_Seq0000_CY5": [0.8371126212766998, 0.24234693574617353, 0.3836734655510205], "particle_subset": [0.9472549576542759, 0.9465786307565672, 0.9443688579550407, 0.9286390046559898, 0.9380765998606969, 0.9372294365194151, 0.9180715757914006, 0.9330903783422531, 0.9449122299657385], "vesicle_subset": [0.929611757733627, 0.921729156600361, 0.9387755085571069, 0.9351216465036899, 0.9393289516013342, 0.9400781569229774, 0.9609429962320125, 0.9303825422246775, 0.9488272906947142], "A3_GFP1_A594": [0.7918367188571431, 0.9360843235822598, 0.9334791058169571, 0.9284605141360408, 0.7346938628571432, 0.9134031986237533, 0.8638976711363755, 0.925788496014746, 0.8613363141681444, 0.8441763441045818, 0.8309037782174095], "untreated014_A594": [0.7546768691760558, 0.7836734537142861, 0.9897959018707486, 0.8192419708038319], "20191221_183732_211__ChannelDAPI,CY3,A594,CY5,Brightfield_Seq0000_crop1to1407_14Jan2019_CY5": [0.8578104136847572, 0.826158803435174, 0.821487996060128], "microtubule_subset": [0.8634222853520107, 0.7843606826485457, 0.7329368831199221, 0.737345088870276, 0.8933508858608169, 0.8541232815300703, 0.7529259540263871, 0.8287732670934079, 0.802893308968343], "ChannelDAPI,A594,YFP,Brightfield_Seq0000_A594": [0.9118434251475357, 0.9205913128583338, 0.8802903705912309, 0.8323925305951535, 0.8989084002708895]}}